path,id,guid,guid_status,title,has_title,has_created,has_fm_version,errors
content/docs/en/index.md,KXXXXXXX,e96817b9-cbe3-41df-87e1-72da8bd737cd,ok,KNIFE ‚Äì Prehƒæad,1,1,1,
content/docs/sk/7Ds/00.Navigations/index.md,KXXXXXXX,737d2e4a-fb61-418a-90f5-2ed3054f9920,ok,00.Navigations,1,1,1,
content/docs/sk/7Ds/01.D1-Management/01.Goals-Expectation/index.md,KXXXXXXX,088d9ebf-417d-42a1-b542-b3b108ef20c1,ok,01.Goals-Expectation,1,1,1,
content/docs/sk/7Ds/01.D1-Management/02.Plans-Milestones/index.md,KXXXXXXX,b6f6a0db-d37c-4bf7-bc60-98d430d112e9,ok,02.Plans-Milestones,1,1,1,
content/docs/sk/7Ds/01.D1-Management/02.Strategy/Docusaurus-Guide/Guide_Formatting.md,,f31960ba-6086-4b78-a8c5-fa5dc4ae8a4d,ok,Docusaurus-Guide,1,1,1,
content/docs/sk/7Ds/01.D1-Management/02.Strategy/Docusaurus-Guide/Guide_Intro.md,,562dcab0-6a33-4857-96ec-25feaae106c4,ok,Docusaurus-Guide,1,1,1,
content/docs/sk/7Ds/01.D1-Management/02.Strategy/Docusaurus-Guide/Guide_Tokens.md,,4148f6d5-5dd4-4280-a694-f85e85410fd1,ok,Docusaurus-Guide,1,1,1,
content/docs/sk/7Ds/01.D1-Management/02.Strategy/Docusaurus-Guide/ProjectGuide.md,,baf0a510-01c9-40d8-b8fe-e78d4dbddbbe,ok,Docusaurus-Guide,1,1,1,
content/docs/sk/7Ds/01.D1-Management/02.Strategy/KNIFE_GitHub_CheatSheet.md,,a2c01b52-d968-456d-9b69-4b80c3390eee,ok,02.Strategy,1,1,1,
content/docs/sk/7Ds/01.D1-Management/02.Strategy/Knife_Management/README_Task_Management_20250810-123634.md,,94f360ff-201a-4c7c-bfc7-c2255ee6c7fb,ok,Knife_Management,1,1,1,
content/docs/sk/7Ds/01.D1-Management/02.Strategy/Knife_Management/issue_template_task_20250810-123634.md,,5495bfa1-3f30-4659-bb3c-729947c291a6,ok,[TASK] Kr√°tky n√°zov,1,1,1,
content/docs/sk/7Ds/01.D1-Management/02.Strategy/Knife_Management/issue_template_task_with_status_20250810-123634.md,,13607548-8311-408f-9a6c-cae8456d81f0,ok,[TASK] Kr√°tky n√°zov,1,1,1,
content/docs/sk/7Ds/01.D1-Management/02.Strategy/index.md,,3341260c-ab5d-423a-b7f9-deaf588f2021,ok,02.Strategy,1,1,1,
content/docs/sk/7Ds/01.D1-Management/03.Plans-Roadmaps/index.md,KXXXXXXX,d6e71313-dc52-46b9-86c0-c4cc6e7bad31,ok,03.Plans-Roadmaps,1,1,1,
content/docs/sk/7Ds/01.D1-Management/04.Decisions/01.Principles/index.md,KXXXXXXX,9b614a56-1f92-4b3f-9fdd-d3ea5bbb938d,ok,01.Principles,1,1,1,
content/docs/sk/7Ds/01.D1-Management/04.Decisions/02.Rules/index.md,KXXXXXXX,1c13243e-aa94-4d62-ab48-8093a8e68777,ok,02.Rules,1,1,1,
content/docs/sk/7Ds/01.D1-Management/04.Decisions/03.SWOT/index.md,KXXXXXXX,ce39660f-121d-4c81-adec-197146f1adce,ok,03.SWOT,1,1,1,
content/docs/sk/7Ds/01.D1-Management/04.Decisions/04.Risks/index.md,KXXXXXXX,858e8e99-0266-4274-ac73-1317fbb73232,ok,04.Risks,1,1,1,
content/docs/sk/7Ds/01.D1-Management/04.Decisions/05.Measures/index.md,KXXXXXXX,467bd2b2-1442-4cb9-99c6-85605e34d730,ok,05.Measures,1,1,1,
content/docs/sk/7Ds/01.D1-Management/04.Decisions/index.md,KXXXXXXX,fc81e2d3-205c-43cb-a1e3-072d6c6cebe2,ok,04.Decisions,1,1,1,
content/docs/sk/7Ds/01.D1-Management/05.WorkActivitiesEvidence/2025/202509/20250917-Knifes-Duplicity/README.md,KXXXXXXX,b8514b71-e9d7-4e0e-b3ca-dbd2536f423c,ok,20250917-Knifes-Duplicity,1,1,1,
content/docs/sk/7Ds/01.D1-Management/05.WorkActivitiesEvidence/index.md,KXXXXXXX,022f3483-00f0-4a9d-a7f0-48b5659ca57e,ok,05.WorkActivitiesEvidence,1,1,1,
content/docs/sk/7Ds/01.D1-Management/06.Reportings/index.md,KXXXXXXX,9edbdcb3-5b53-4c34-b8bb-6279aecc21e3,ok,06.Reportings,1,1,1,
content/docs/sk/7Ds/01.D1-Management/07.Publishing/index.md,KXXXXXXX,d4a58bdd-436f-4fbc-b768-0112d80e186a,ok,07.Publishing,1,1,1,
content/docs/sk/7Ds/01.D1-Management/index.md,KXXXXXXX,48bde968-147b-4a02-aabb-f2bc7c27eb73,ok,01.D1-Management,1,1,1,
content/docs/sk/7Ds/02.D2-Motivation/01.StakeholderAnalysis/index.md,KXXXXXXX,abd30bcf-2dca-48a7-a5aa-7f09d04e270f,ok,01.StakeholderAnalysis,1,1,1,
content/docs/sk/7Ds/02.D2-Motivation/index.md,KXXXXXXX,3f030bd6-3b41-43d5-8b4b-8314f4b56476,ok,02.D2-Motivation,1,1,1,
content/docs/sk/7Ds/03.D3-Analysis/01.Resources/index.md,KXXXXXXX,3a795914-2011-49ea-a35e-77983ccc3e4d,ok,01.Resources,1,1,1,
content/docs/sk/7Ds/03.D3-Analysis/index.md,KXXXXXXX,38310048-2b55-4e46-bf25-a6e839b0e5cd,ok,03.D3-Analysis,1,1,1,
content/docs/sk/7Ds/04.D4-Design/index.md,KXXXXXXX,6472b0eb-0ae4-46ee-8e70-ff846aa46d9d,ok,04.D4-Design,1,1,1,
content/docs/sk/7Ds/05.D5-Implementation/index.md,KXXXXXXX,10d2fb92-f5d3-4a25-855d-070c53ffc7ce,ok,05.D5-Implementation,1,1,1,
content/docs/sk/7Ds/06.D6-Verification-Testing/index.md,KXXXXXXX,c22d919a-dff6-40bb-a855-83d1225354a1,ok,06.D6-Verification-Testing,1,1,1,
content/docs/sk/7Ds/07.D7-LessonLearned/01.BestPractice/index.md,KXXXXXXX,73bd7666-9329-4dbd-a00f-d82070fe871d,ok,01.BestPractice,1,1,1,
content/docs/sk/7Ds/07.D7-LessonLearned/02.BadPractice/index.md,KXXXXXXX,99bc41db-8df4-4522-89eb-33db1794db8b,ok,02.BadPractice,1,1,1,
content/docs/sk/7Ds/07.D7-LessonLearned/03.Questions/README.migrated.md,KXXXXXXX,ef304618-4c60-4a17-b1bd-2ff8e63b973a,ok,03.Questions,1,1,1,
content/docs/sk/7Ds/07.D7-LessonLearned/03.Questions/index.md,KXXXXXXX,65918954-5c24-4458-a3ea-7bd93bf46014,ok,03.Questions,1,1,1,
content/docs/sk/7Ds/07.D7-LessonLearned/04.Proposals/index.md,KXXXXXXX,24307cfd-be56-4ae9-aa2d-e40864c26ba8,ok,04.Proposals,1,1,1,
content/docs/sk/7Ds/07.D7-LessonLearned/05.NextSteps/index.md,KXXXXXXX,6b6a747b-cffd-4014-a55f-023817c07fd9,ok,05.NextSteps,1,1,1,
content/docs/sk/7Ds/07.D7-LessonLearned/06.HowTo/README.migrated.md,KXXXXXXX,0d82a7dc-ceb7-46d4-8b82-89bab85260b8,ok,06.HowTo,1,1,1,
content/docs/sk/7Ds/07.D7-LessonLearned/06.HowTo/index.md,KXXXXXXX,c94a33f6-9ca1-4e70-a544-b3eafc046fc3,ok,06.HowTo,1,1,1,
content/docs/sk/7Ds/07.D7-LessonLearned/07.TroubleShooting/README.migrated.md,KXXXXXXX,cef17650-88d3-447f-9a20-943b364cd77f,ok,07.TroubleShooting,1,1,1,
content/docs/sk/7Ds/07.D7-LessonLearned/07.TroubleShooting/index.md,KXXXXXXX,b8e79dc3-08d4-458f-b442-a478f5612448,ok,07.TroubleShooting,1,1,1,
content/docs/sk/7Ds/07.D7-LessonLearned/index.md,KXXXXXXX,9bd7b969-d1df-4669-ba66-9eaf903e44e7,ok,07.D7-LessonLearned,1,1,1,
content/docs/sk/7Ds/08.Resources/01.HumanResources/index.md,KXXXXXXX,9716996f-e3f9-4567-bc4c-f95eca1fa7f5,ok,01.HumanResources,1,1,1,
content/docs/sk/7Ds/08.Resources/02.TimeResources/index.md,KXXXXXXX,b706e012-e820-4f4d-9afd-8b3c03ae557b,ok,02.TimeResources,1,1,1,
content/docs/sk/7Ds/08.Resources/03.Finance/index.md,KXXXXXXX,1b2e608b-5017-4e8c-bdbe-e2e6e18e939d,ok,03.Finance,1,1,1,
content/docs/sk/7Ds/08.Resources/index.md,KXXXXXXX,9c3f6889-d692-45f4-9c74-42721ee3785c,ok,08.Resources,1,1,1,
content/docs/sk/7Ds/index.md,KXXXXXXX,754B9ECA-35DC-42EC-9219-5F658EF0C424,ok,7Ds,1,1,1,
content/docs/sk/index.md,KNIFE_HOME,7afa4bdc-bb40-490b-8697-c9bf7c3ba848,ok, ,1,1,1,
content/docs/sk/knifes/K000001-ea-modelovanie-a-motivacia/index.md,K000001,728afefa-b72f-4aa6-b31e-4a388cdd7a46,ok,EA modelovanie a motiv√°cia,1,1,1,
content/docs/sk/knifes/K000002-git-workflow-pre-ea-modely/index.md,K000002,6cf87ac0-1644-4134-8c67-8e61da2dca78,ok,Git workflow pre EA modely,1,1,1,
content/docs/sk/knifes/K000003-libreoffice-python-integracia/index.md,K000003,dd435f3c-8a1d-4fc0-b873-12645f6aa10f,ok,LibreOffice + Python integr√°cia,1,1,1,
content/docs/sk/knifes/K000004-docker-pre-studentov-k12/index.md,K000004,76ab8f65-0259-48ab-adbf-86cfa6a80d57,ok,Docker pre ≈°tudentov (K12),1,1,1,
content/docs/sk/knifes/K000005-bazi-pre-racionalne-duse/index.md,K000005,610c8ab7-dffb-4172-bf31-0fd95e5102dd,ok,BaZi pre racion√°lne du≈°e,1,1,1,
content/docs/sk/knifes/K000006-timova-sprava-prav-v-gitea/index.md,K000006,278b53c7-c34d-42b5-8969-3d22e63badd7,ok,T√≠mov√° spr√°va pr√°v v Gitea,1,1,1,
content/docs/sk/knifes/K000007-helper-skript-na-obrazky-v-markdown/index.md,K000007,745a9616-e53d-4a82-b14d-7e7fbf8bfef8,ok,Helper skript na obr√°zky v Markdown,1,1,1,
content/docs/sk/knifes/K000008-dcmm-a-dao-hodnota-leadershipu/index.md,K000008,fbb56d3a-aa9f-4594-bdfd-b30c12c09174,ok,DCMM a DAO ‚Äì hodnota leadershipu,1,1,1,
content/docs/sk/knifes/K000009-linkedin-post-engine-ai-automatizacia/index.md,K000009,2a2564bd-e234-42ed-acd9-e80ddb128b17,ok,LinkedIn post engine ‚Äì AI automatiz√°cia,1,1,1,
content/docs/sk/knifes/K000010-openai-klient-vlastna-ai-komunikacia/index.md,K000010,833ed8e5-8144-4de4-b63a-1d6000dee2a1,ok,OpenAI klient ‚Äì vlastn√° AI komunik√°cia,1,1,1,
content/docs/sk/knifes/K000011-main-xba-sablona-pre-lo-basic/index.md,K000011,f5282c5a-cda6-4028-8f5a-ce9d3637c5c8,ok,Main.xba ≈°abl√≥na pre LO Basic,1,1,1,
content/docs/sk/knifes/K000012-ea-workflow-add-in-pokrocile-sablony/index.md,K000012,5c2a2821-7814-4e7f-b479-33fd736bf633,ok,EA Workflow Add-In ‚Äì pokroƒçil√© ≈°abl√≥ny,1,1,1,
content/docs/sk/knifes/K000013-readonlycontrol-v-ea-workflow-add-in/index.md,K000013,fea26033-7add-4816-bfc1-a7e65df4d2b4,ok,ReadOnlyControl v EA ‚Äì Workflow Add-In,1,1,1,
content/docs/sk/knifes/K000014-manazer-kniznic-pre-lo-basic/index.md,K000014,56e95dd8-a633-4850-8615-063ce541fc44,ok,Mana≈æ√©r kni≈æn√≠c pre LO Basic,1,1,1,
content/docs/sk/knifes/K000015-libreoffice-basic-python-migracia/index.md,K000015,67a1b9c8-6fc2-4c20-94dd-95a08111ec73,ok,LibreOffice Basic ‚Üí Python migr√°cia,1,1,1,
content/docs/sk/knifes/K000016-helper-skript-pre-lo-symbolic-link/index.md,K000016,daf7cda8-38d2-4206-84f7-1cdc8a169276,ok,Helper skript pre LO symbolic link,1,1,1,
content/docs/sk/knifes/K000017-ai-powered-terno-planner/index.md,K000017,41a44dfe-5b85-480a-8168-710530b572d6,ok,AI-powered TERNO Planner,1,1,1,
content/docs/sk/knifes/K000019-bazi-vypocty-algoritmus-hodiny-kalendar/index.md,K000019,986a2d27-e983-4c02-b17b-f54b5625c188,ok,"BaZi v√Ωpoƒçty ‚Äì algoritmus, hodiny, kalend√°r",1,1,1,
content/docs/sk/knifes/K000020-libreoffice-ako-komunitna-platforma/index.md,K000020,9c178019-c50a-4a28-b344-afd80f289523,ok,LibreOffice ako komunitn√° platforma,1,1,1,
content/docs/sk/knifes/K000021-princip-udrzatelnosti-v-architekture/index.md,K000021,48dbd9ae-966a-4a5b-8eda-bd4257793384,ok,Princ√≠p udr≈æateƒænosti v architekt√∫re,1,1,1,
content/docs/sk/knifes/K000022-terno-terapeuticke-formy-ucenia/index.md,K000022,27ffa9b9-04b5-4a79-921c-38123de82f2d,ok,TERNO ‚Äì terapeutick√© formy uƒçenia,1,1,1,
content/docs/sk/knifes/K000023-ai-interakcie-casova-os-a-emocie/index.md,K000023,a9ea072a-2fc0-425a-ac4d-9140d92ab221,ok,AI interakcie ‚Äì ƒçasov√° os a em√≥cie,1,1,1,
content/docs/sk/knifes/K000024-onenote-ako-zdroj-metadat-pre-ai/index.md,K000024,18f0681d-54db-4a41-a7fd-b77386a7299e,ok,OneNote ako zdroj metad√°t pre AI,1,1,1,
content/docs/sk/knifes/K000025-kategorizacia-terno-podla-sdlc-a-7d/index.md,K000025,0e591458-c661-4f18-8e85-9c1c14efaedc,ok,Kategoriz√°cia TERNO podƒæa SDLC a 7D,1,1,1,
content/docs/sk/knifes/K000026-knife-framework-pre-vyvoj-a-ucenie-sa-libreoffice-python/index.md,REF-UAT-001,63773bd8-2732-4e66-8aee-00deb8db06a1,ok,Postup pre presun zmien z vetvy FIX do UAT,1,1,1,
content/docs/sk/knifes/K000027-git-for-dummies-central-concepts/index.md,K000027,3264251d-6fb5-41f2-b8eb-9b726c2542f2,ok,Git For Dummies ‚Äì Central Concepts,1,1,1,
content/docs/sk/knifes/K000028-context-aware-system-ontology-approach/index.md,K000028,735d6a47-d44c-40c7-861c-8fca193b68ef,ok,"Context Aware System Ontology, Approach",1,1,1,
content/docs/sk/knifes/K000029-prostredie-vyvojove-python-pre-lo/index.md,K000029,31b04e60-ff57-4a5b-95b3-e24be0a1e338,ok,Prostredie v√Ωvojov√© python pre LO,1,1,1,
content/docs/sk/knifes/K000030-pribeh-poznania-sdlc/index.md,K000030,553c7b60-ab06-4412-96dc-84d0ea2fa323,ok,Pr√≠beh poznania SDLC,1,1,1,
content/docs/sk/knifes/K000031-document-as-code-framework/index.md,K000031,0b3729dc-ca0b-4025-879a-c6fc72a83d84,ok,"‚ÄûDocument-as-Code\\\\\\\\\\\\\\\"" framework",1,1,1,
content/docs/sk/knifes/K000032-enterprise-document-integrated-sdlc/index.md,K000032,d7f03d39-ef27-4747-96b3-1ed94589eb90,ok,"‚ÄûEnterprise Document-integrated SDLC\\\\\\\\\\\\\\\""",1,1,1,
content/docs/sk/knifes/K000033-smalltalk-ako-nastroj-flowu-a-kontextu/index.md,K000033,4bf0fa16-972c-4cbc-a923-2d28af33f41d,ok,Smalltalk ako n√°stroj flowu a kontextu,1,1,1,
content/docs/sk/knifes/K000034-pracovno-financny-ekosystem/index.md,K000034,cd2b41b5-45c1-4464-9c35-94ad9309bbea,ok,"Pracovno, finanƒçn√Ω ekosyst√©m",1,1,1,
content/docs/sk/knifes/K000035-context-aware-solutions-paradigma-solution/index.md,K000035,a0dd0165-5fd8-4d56-b1e5-46b014bf6dd6,ok,"Context Aware Solutions / paradigma, solution",1,1,1,
content/docs/sk/knifes/K000036-pracovno-financny-ekosystem/index.md,K000036,5d8e7ee1-a0d2-474b-832e-c91a030ea3d0,ok,"Pracovno, finanƒçn√Ω ekosyst√©m",1,1,1,
content/docs/sk/knifes/K000037-context-aware-solutions-paradigma-solution/index.md,K000037,ae7ca16f-5400-4912-b3e1-60c755c6b16b,ok,"Context Aware Solutions / paradigma, solution",1,1,1,
content/docs/sk/knifes/K000038-ako-si-vyrobit-automaticke-nastavovanie-ssl/index.md,K000038,14675413-a6ee-4b45-9be4-1e2012d03c95,ok,Ako si vyrobit automaticke nastavovanie SSL,1,1,1,
content/docs/sk/knifes/K000039-sementicke-a-kontextove-vyhladavanie-nad-github/index.md,K000039,d65f381f-c6dd-43af-a6e3-1742a5adb17d,ok,Sementicke a kontextove vyhladavanie nad GitHUB,1,1,1,
content/docs/sk/knifes/K000040-migracia-joomla-github-mkdocs/index.md,K000040,c96e9214-93fc-4799-ae2d-43fa543430fd,ok,Migracia Joomla -->GitHUB MkDocs,1,1,1,
content/docs/sk/knifes/K000041-github-education-framework/index.md,K000041,e1f2e352-e045-4680-a750-4bba1f8f7479,ok,GitHUB Education Framework,1,1,1,
content/docs/sk/knifes/K000042-singlepageapplication-webabased-desktop-app/index.md,K000042,ed25f447-b17f-4a3a-941e-bb441e170fc3,ok,SinglePageApplication ‚Äì Webabased desktop app,1,1,1,
content/docs/sk/knifes/K000043-kontrola-odpovede-studentov-pomocou-api-na-ai/index.md,K000043,50afe040-3e25-46cc-bb56-8b594dadf3cf,ok,Kontrola odpoved√© ≈°tudentov pomocou API na AI,1,1,1,
content/docs/sk/knifes/K000044-onedrive-backup-to-external-disk-on-qnap/index.md,K000044,dee65721-5f92-4cf5-8a45-0dd0ace2a7e9,ok,OneDrive backup to external disk on QNAP,1,1,1,
content/docs/sk/knifes/K000045-zakladne-informacie-o-esg/index.md,K000045,550e3260-c6ee-402a-9c41-5250e9cd1af3,ok,Z√°kladn√© inform√°cie o ESG,1,1,1,
content/docs/sk/knifes/K000046-thunderbird-archive-export/index.md,K000046,b045421e-412b-4e20-b0ad-ebe5e1fbed9f,ok,Thunderbird ‚Äì Archive-export,1,1,1,
content/docs/sk/knifes/K000047-knife047-7s-cycle-of-meaningful-knowledge/index.md,K000047,82c38956-39d1-4afa-8b78-845c78c22083,ok,KNIFE047 ‚Äì 7S Cycle of Meaningful Knowledge,1,1,1,
content/docs/sk/knifes/K000048-ai-agent-in-opengpt/index.md,K000048,dfd04696-0904-4798-83bd-5e77bb371baf,ok,AI ‚Äì Agent in OpenGPT,1,1,1,
content/docs/sk/knifes/K000049-knife049-vyhladavac-nad-opengpt-historiou/index.md,K000049,6fa9ddd3-5de1-4c99-ab0f-db87d301f005,ok,KNIFE049 ‚Äì Vyhƒæad√°vaƒç nad OpenGPT hist√≥riou,1,1,1,
content/docs/sk/knifes/K000050-open-gpt-vytvaranie-prompt-instructions/index.md,K000050,abaf199d-563c-487a-88d2-2c8d784afb84,ok,"Open GPT, vytv√°ranie prompt instructions",1,1,1,
content/docs/sk/knifes/K000051-google-analytics-fundamentals/index.md,K000051,9b195cd2-e816-41b8-98be-a2a0a76538ef,ok,Google analytics ‚Äì Fundamentals,1,1,1,
content/docs/sk/knifes/K000052-github-lms-framework/index.md,K000052,37c1ee83-aa1c-4a67-a8f5-ed3fdae3e7aa,ok,GitHub LMS Framework,1,1,1,
content/docs/sk/knifes/K000053-framework-for-project-management-in-github/index.md,K000053,ecadab7c-5f34-4296-864e-7c75f3ed0997,ok,Framework for Project Management in GitHUB,1,1,1,
content/docs/sk/knifes/K000054-docusaurus-advanced-deployment-pipeline/index.md,K000054,e6a19133-a51b-4041-a811-6ccd8611fde0,ok,Docusaurus Advanced Deployment Pipeline,1,1,1,
content/docs/sk/knifes/K000055-ako-obnovit-stav-z-minulosti/index.md,K000055,547ee1b8-84a2-4c6c-97c3-205967de0847,ok,Ako obnovi≈• stav z minulosti?,1,1,1,
content/docs/sk/knifes/K000056-central-panel-for-git-sdlc-git-management-makefile/index.md,K000056,b27765d2-8514-437e-91f2-5ed1d4f76c43,ok,Central Panel for GIT ‚Äì SDLC Git Management Makefile,1,1,1,
content/docs/sk/knifes/K000057-ai-agent-na-monitoroavanie-nakladov-opengpt/index.md,K000057,1ee7fec7-5397-4920-b47d-48035c5c9125,ok,AI Agent na monitoroavanie n√°kladov OpenGPT,1,1,1,
content/docs/sk/knifes/K000058-ai-agent-na-monitoroavanie-nakladov-opengpt-od-pociatku-komunikacie/index.md,K000058,51d82867-eba4-49e4-a6fb-977cf669c250,ok,AI Agent na monitoroavanie n√°kladov OpenGPT od poƒçiatku komunik√°cie,1,1,1,
content/docs/sk/knifes/K000059-stem-a-makerspace-ako-metodika-vzdelavania/index.md,K000059,d7e5dc5c-968e-4af4-a7b2-d76bcff5f12e,ok,STEM a Makerspace ako metodika vzdel√°vania,1,1,1,
content/docs/sk/knifes/K000060-export-draw-io-diagramu-do-a4-png/index.md,K000060,df47b738-87e7-4385-af12-555ac3e1666b,ok,Export Draw.io diagramu do A4 PNG,1,1,1,
content/docs/sk/knifes/K000061-passkey-ako-bezpecnostny-koncept/index.md,K000061,35066cd7-1202-4c04-9cfe-02512ca5fa7f,ok,Passkey ako bezpeƒçnostn√Ω koncept,1,1,1,
content/docs/sk/knifes/K000062-docusaurus-slugy-a-routing/index.md,K000062,7b469b9d-1eb5-48f6-a853-b17f4c775066,ok,K000062 ‚Äì Docusaurus slugy a routing,1,1,1,
content/docs/sk/knifes/K000063-automaticke-generovanie-knifes/index.md,K000063,32ff770d-25ab-45d7-b8f0-b7857fd53ecb,ok,Automatick√© generovanie KNIFES,1,1,1,
content/docs/sk/knifes/K000064-ga4-gtn-utm/GA4-Accounts.md,K000064-ga4-gtn-utm-01,c1d2b5f6-69c3-4e7d-957a-865abace0561,ok,GA4 Account Setup Checklist,1,1,1,
content/docs/sk/knifes/K000064-ga4-gtn-utm/GA4andGTM/GA4_Account_Setup.md,K000064-ga4-gtn-utm-05,6e70607a-6f8a-42b5-be62-f99d801e9e21,ok,GA4 Account Setup Checklist,1,1,1,
content/docs/sk/knifes/K000064-ga4-gtn-utm/GA4andGTM/GA4_Account_vs_Property.md,K000064-ga4-gtn-utm-06,9c977a4c-1cdb-4106-8b0d-6c3ebb7e4331,ok,Google Analytics: Account vs Property vs Stream,1,1,1,
content/docs/sk/knifes/K000064-ga4-gtn-utm/GA4andGTM/GettingStarted_GA4_UTM.md,K000064-ga4-gtn-utm-08,764e0ca3-9ca6-42a6-a2c9-fb80c7ee9f24,ok,Getting Started with GA4 & UTM,1,1,1,
content/docs/sk/knifes/K000064-ga4-gtn-utm/GA4andGTM/Getting_Started_with_GA4_GTM.md,K000064-ga4-gtn-utm-07,936bcae4-7627-4d7a-a583-02ca86d69835,ok,Getting Started with GA4 + GTM,1,1,1,
content/docs/sk/knifes/K000064-ga4-gtn-utm/GA4andGTM/Google_Account_vs_Workspace.md,K000064-ga4-gtn-utm-09,b993aa83-e659-40e6-aaa9-8c63be8302d9,ok,Google Account vs Google Workspace,1,1,1,
content/docs/sk/knifes/K000064-ga4-gtn-utm/GA4andGTM/README.md,K000064-ga4-gtn-utm,477ac967-583e-44ce-aedc-849bb601adfc,ok,GA4 Guides2,1,1,1,
content/docs/sk/knifes/K000064-ga4-gtn-utm/GA4andGTMandUTM/01_Google_Account_vs_Workspace.md,K000064-ga4-gtn-utm-10,d9996840-c531-47a1-85a6-9d11949c0de2,ok,Google Account vs Google Workspace,1,1,1,
content/docs/sk/knifes/K000064-ga4-gtn-utm/GA4andGTMandUTM/02_GA4_Account_Setup.md,K000064-ga4-gtn-utm-11,20abbd3f-8720-43a9-8822-5954c99a76e7,ok,GA4 Account Setup Checklist,1,1,1,
content/docs/sk/knifes/K000064-ga4-gtn-utm/GA4andGTMandUTM/03_GA4_Account_vs_Property.md,K000064-ga4-gtn-utm-12,48f0fe0b-3117-44d7-83df-39b7ed384c41,ok,Google Analytics: Account vs Property vs Stream,1,1,1,
content/docs/sk/knifes/K000064-ga4-gtn-utm/GA4andGTMandUTM/04_Getting_Started_with_GA4_GTM.md,K000064-ga4-gtn-utm-13,d6d23d9b-3a3a-4f5c-bd30-2f0ddc6776e2,ok,Getting Started with GA4 + GTM,1,1,1,
content/docs/sk/knifes/K000064-ga4-gtn-utm/GA4andGTMandUTM/README.md,K000064-ga4-gtn-utm-14,c0288078-db1f-4b63-b6d7-50271948f880,ok,GA4 Guides,1,1,1,
content/docs/sk/knifes/K000064-ga4-gtn-utm/GA4vsGTM.md,K000064-ga4-gtn-utm-02,555e883c-7833-44e2-b77b-6dcb4da50a2a,ok,GA4 a GTM ‚Äì logick√Ω model a nastavenie,1,1,1,
content/docs/sk/knifes/K000064-ga4-gtn-utm/GoogleAccount.md,K000064-ga4-gtn-utm-03,d770f029-a5d4-4c3d-b82d-a8952f4913bf,ok,Google Account vs Google Workspace,1,1,1,
content/docs/sk/knifes/K000064-ga4-gtn-utm/index.md,K000064,fd7b354d-8ead-42aa-a615-e545c5c13cd1,ok,"GA4, GTN, UTM",1,1,1,
content/docs/sk/knifes/K000065-makefile-for-knife-ecosystem-for-mac-windows-linux/index.md,K000065,72cf0d0c-72d5-41b7-8b70-06b46e43e8ab,ok,"MAKEFILE for KNIFE Ecosystem for Mac,Windows, Linux",1,1,1,
content/docs/sk/knifes/K000066-porovnanie-biznis-planov-github/index.md,K000066,a2c536d5-d18f-4d80-a2bd-9ef502904b9a,ok,Porovnanie biznis pl√°nov GitHub,1,1,1,
content/docs/sk/knifes/K000067-github-deployment-strategie/K000067_NamingConventionPreDomeny.md,K000067-02,cc334b31-6f4f-4dbd-b5f2-c3c2e8c9bc83,ok,Naming Convention pre Subdom√©ny,1,1,1,
content/docs/sk/knifes/K000067-github-deployment-strategie/K000067_ReadmePreZvedavych.md,K000067-github-deployment-strategie,c0804116-d26d-40ed-991c-e1aaeb6734d4,ok,GitHub Deployment Strategie - Pre Zvedav√Ωch,1,1,1,
content/docs/sk/knifes/K000067-github-deployment-strategie/K000067_docusaurus_config_ts_appendix.md,K000067_docusaurus_config_ts_appendix,7c3ff713-c422-450c-a765-fe0ab6edc560,ok,K000067 Appendix ‚Äì docusaurus.config.ts (ENV‚Äëdriven),1,1,1,
content/docs/sk/knifes/K000067-github-deployment-strategie/K000067_makefile_appendix.md,K000067_makefile_appendix,da331cd7-ea63-41fc-ab47-216b48f9eed9,ok,K000067 Appendix ‚Äì Makefile pre GitHub Pages (A/B re≈æimy),1,1,1,
content/docs/sk/knifes/K000067-github-deployment-strategie/K000067_sidebars.md,K000067-github-deployment-strategie-01,67df2098-6cc8-4813-9395-d7fded7f3344,ok,K000067 GitHub Deployment Strategie,1,1,1,
content/docs/sk/knifes/K000067-github-deployment-strategie/index.md,K000067,83572f2b-c6d2-4f75-9a41-22457168d71e,ok,GitHub Deployment strat√©gie,1,1,1,
content/docs/sk/knifes/K000068-kruhovy-portret-v-gimp/index.md,K000068,bfb1bccf-cf2c-4d8a-bc29-c00c6b7e1b8e,ok,Kruhov√Ω portr√©t v GIMP,1,1,1,
content/docs/sk/knifes/K000069-kto-ma-pochvali-ak-sa-nepochvalim-sam/index.md,K000069,ea7ecfe2-fc8d-4c67-9966-187ef88afd3b,ok,"Kto ma pochv√°li, ak sa nepochv√°lim s√°m?",1,1,1,
content/docs/sk/knifes/K000070-ea-fundamentals/index.md,K000070,c5d8b05b-4afb-4618-8ca4-657a78acd5d8,ok,EA Fundamentals,1,1,1,
content/docs/sk/knifes/K000071-7ds-seven-disciplines-for-successful-solutions/index.md,K000071,d0c8a434-fc6d-4444-8c4e-7577fd78dc0a,ok,7Ds-Seven Disciplines for successful solutions,1,1,1,
content/docs/sk/knifes/K000072-apv-assets-perspectives-views-keep-your-aseests-in-order/index.md,K000072,e2e77f43-e904-4438-8a74-07ac68541237,ok,"APV-Assets-Perspectives-Views, Keep Your Aseests in Order",1,1,1,
content/docs/sk/knifes/K000073-q12-twelve-quadrants-for-starting-business/index.md,K000073,3908aa84-1d7b-4ba7-8d41-ca17e1087d86,ok,Q12- Twelve quadrants for starting business,1,1,1,
content/docs/sk/knifes/K000074-sdlc-solution-development-life-cycle/index.md,K000074,55dc93cb-b910-48ef-8ce7-8a72009286f5,ok,SDLC-Solution Development Life Cycle,1,1,1,
content/docs/sk/knifes/K000075-lean-canvas/index.md,K000075,8566c5a6-e260-4cb7-bf8e-d7eedc89bf7f,ok,Lean canvas,1,1,1,
content/docs/sk/knifes/K000076-caa-context-aware-approach-casy-context-aware-systems-caso-context-aware-solution/index.md,K000076,0486c717-dc17-41c2-ab44-f2f365c4a7be,ok,"CAA- Context Aware Approach, CASY-Context Aware Systems, CASo-Context Aware Solution",1,1,1,
content/docs/sk/knifes/K000077-knife047-7s-cycle-of-meaningful-knowledge/index.md,K000077,67fa4142-7407-4ca8-a24a-a0777669bc26,ok,KNIFE047 ‚Äì 7S Cycle of Meaningful Knowledge,1,1,1,
content/docs/sk/knifes/K000078-language-as-a-bridge-ai-ako-most-medzi-jazykmi/index.md,K000078,9fa013f5-0130-4af4-8e6e-db4ca6d38397,ok,Language as a Bridge (AI ako most medzi jazykmi),1,1,1,
content/docs/sk/knifes/K000079-co-znamena-slovo-ze-je-nieco-idempotentne/index.md,K000079,d668f12d-7a40-4940-998f-13dba8edeb2b,ok,ƒåo znamen√° slovo ≈æe je nieƒço idempotentn√©?,1,1,1,
content/docs/sk/knifes/K000080-docusaurus-vs-github-pages-package-json/index.md,K000080,5174fcab-7594-4e7e-8582-7396133dec8c,ok,Docusaurus-vs-github-pages-package-json,1,1,1,
content/docs/sk/knifes/K000081-transparentna-stabilna-infrastruktura-pre-sites/index.md,K000081,02921a34-5a83-4713-bafa-1be560a98d18,ok,Transparentn√° -Stabiln√° infra≈°trukt√∫ra pre Sites,1,1,1,
content/docs/sk/knifes/K000082-ako-urobit-text-v-md-atraktivnejsi-emoji/index.md,K000082,060ab917-70a9-4e1f-b1db-a6c9fc8ce8b3,ok,Ako urobi≈• text v MD atrakt√≠vnej≈°√≠ (emoji),1,1,1,
content/docs/sk/knifes/K000083-aktualizacia-komponentov-pre-docusaurus/AnalyzaMoznostiPreMacOS.md,K000083_01,48faadc5-190a-424f-8d25-6e99df7010b3,ok,KNIFE ‚Äì K000083_01,1,1,1,
content/docs/sk/knifes/K000083-aktualizacia-komponentov-pre-docusaurus/CONTRIBUTING.md,K000083_04,ea4135ce-9848-4fef-918a-a9fbccba35d3,ok,KNIFE ‚Äì K000083_04,1,1,1,
content/docs/sk/knifes/K000083-aktualizacia-komponentov-pre-docusaurus/SETUP.md,K000083_02,74cc1121-c916-4a8d-b1cd-78b93bda064f,ok,KNIFE ‚Äì K000083_02,1,1,1,
content/docs/sk/knifes/K000083-aktualizacia-komponentov-pre-docusaurus/STUDENTS.md,K000083_03,666c06de-ec54-45cd-be1a-38b0333809e2,ok,KNIFE ‚Äì K000083_03,1,1,1,
content/docs/sk/knifes/K000083-aktualizacia-komponentov-pre-docusaurus/index.md,K000083,7e41fe41-1fcc-4dc9-912d-8b422c9ca272,ok,Aktualiz√°cia komponentov pre Docusaurus,1,1,1,
content/docs/sk/knifes/K000084-ako-aktivovat-na-githube-edu-benefity/GHEDU_Benefits_Usage.md,K000084_02,280b3b24-c7e8-4aa9-a870-838c461f8b10,ok,KNIFE ‚Äì K000084_02,1,1,1,
content/docs/sk/knifes/K000084-ako-aktivovat-na-githube-edu-benefity/GHEDU_Faculty_Benefits.md,K000084_01,86b73fab-96ed-432b-aeb6-e262b378aa27,ok,KNIFE ‚Äì K000084_01,1,1,1,
content/docs/sk/knifes/K000084-ako-aktivovat-na-githube-edu-benefity/index.md,K000084,c000d02a-b7ed-4e78-a5be-9e8e975445e0,ok,Ako aktivova≈• na GitHube EDU benefity,1,1,1,
content/docs/sk/knifes/K000085-obs-fundamentals/K000085_01-video-workflow/index.md,K000085_01,e93b08eb-d3f0-481a-a892-025eebcd68b9,ok,OBS Fundamentals ‚Äì Video Workflow (SK origin√°l ‚Üí EN titulky/voice,1,1,1,
content/docs/sk/knifes/K000085-obs-fundamentals/K000085_02-obs-fundamentals/index.md,K000085_02,44c57f49-30f3-468c-ab27-583972c5ee3a,ok,OBS Fundamentals ‚Äì Z√°klady nahr√°vania a spr√°vy sc√©n,1,1,1,
content/docs/sk/knifes/K000085-obs-fundamentals/K000085_03-active-presenter-essentials/index.md,K000085_03,29137d69-fb85-41f5-8f98-69c2da54208a,ok,OBS Fundamentals ‚Äì Active Presenter Essential,1,1,1,
content/docs/sk/knifes/K000085-obs-fundamentals/K000085_04-multilingual-video-publishing/index.md,K000085_04,bcadd10f-a1fa-4797-8eda-565d63d4443b,ok,OBS Fundamentals ‚Äì Multilingual - Video - Publishing,1,1,1,
content/docs/sk/knifes/K000085-obs-fundamentals/index.md,K000085,2c1bdac4-6f59-49d9-9840-3f353ef9b9f7,ok,OBS Fundamentals ‚Äì Z√°klady nahr√°vania a spr√°vy sc√©n,1,1,1,
content/docs/sk/knifes/K000086-docusaurus-id-a-jeho-pouzitie/index.md,K000086,9e070810-b93a-46e3-89cc-ea0ec118e9df,ok,Docusaurus-ID-a-jeho-pouzitie,1,1,1,
content/docs/sk/knifes/K000086-docusaurus-id-a-jeho-pouzitie/index.template.md,,eaf8f7a0-8039-44e8-9c1d-adb95d3cd0d6,ok,KNIFE ‚Äì Prehƒæad,1,1,1,
content/docs/sk/knifes/K000086-docusaurus-id-a-jeho-pouzitie/index.user.template.md,,47324cdc-e64b-4fb2-afeb-e54dd50c1751,ok,KNIFE ‚Äì Prehƒæad,1,1,1,
content/docs/sk/knifes/KNIFE_Overview_Blog.md,KNIFE_OVERVIEW_BLOG,7d73852b-95c9-49f3-8375-50340a1a8dad,ok,üì∞ KNIFE Overview ‚Äì Blog,1,1,1,
content/docs/sk/knifes/KNIFE_Overview_Details.md,KNIFE_OVERVIEW_DETAILS,5f697dcb-d9d3-4529-b142-e78ce66c2a8d,ok,üìä KNIFE Overview ‚Äì Details,1,1,1,
content/docs/sk/knifes/KNIFE_Overview_List.md,KNIFE_OVERVIEW_LIST,69c54584-f693-426d-8c85-332a159ded1a,ok,üóÇ KNIFE Overview ‚Äì List,1,1,1,
content/docs/sk/knifes/_meta/releasenotes.md,releasenotes,4b66c05e-f376-4782-822c-bc023083493f,ok,KNIFE Overview ‚Äî Release v1.1.1 (2025-09-07),1,1,1,
content/docs/sk/knifes/_unclasified/TMP-KNIFE-20251008-001-ZrnkaMudrosti/index.md,TMP-KNIFE-20251008-001,1c4d6e79-2e4d-4dfb-8c23-bdc9a8b6028b,ok,Zrnk√° m√∫drosti na cest√°ch,1,1,1,
content/docs/sk/knifes/_unclasified/TMP-KNIFE-20251008-002-LinkedIn-URL/index.md,TMP-KNIFE-20251008-002-TMP-KNIFE-20251008-002-LinkedIn-URL,b4c6f7e2-63a8-45e9-b3de-4b9c74c119f9,ok,Ako LinkedIn skracuje odkazy a ƒço s t√Ωm,1,1,1,
content/docs/sk/knifes/_unclasified/TMP-KNIFE-20251008-003-RedirectMechanics/index.md,TMP-KNIFE-20251008-002-TMP-KNIFE-20251008-003-RedirectMechanics,b4c6f7e2-63a8-45e9-b3de-4b9c74c119f9,ok,Ako LinkedIn skracuje odkazy a ƒço s t√Ωm,1,1,1,
content/docs/sk/knifes/overview.md,KNIFE_OVERVIEW_HOME,fae1ca43-0ec4-4fea-9306-4490f5d3e13d,ok,KNIFE ‚Äì Prehƒæad,1,1,1,
content/docs/sk/knifes/path-check/index.md,K000123,9fe3cf14-65d9-4270-9b44-617a60a39051,ok,Just a test,1,1,1,
